Layout,Avg X,Std Dev X,Avg Y,Std Dev Y,Avg Z,Std Dev Z,Avg WPM,Std Dev WPM,Avg aWPM,Std Dev aWPM,Avg t,Std Dev t,Avg Travel,Std Dev Travel,Avg PIT,Std Dev PIT
SliderOnly,0.25944,0.10523,4.14542,0.05753,0.07616,0.29184,1.38691,1.28136,0.76653,0.79327,90.85353,81.90608,,,,
ArcType,-0.48191,0.17968,4.01237,0.20437,0.96374,0.17134,2.18087,0.70785,1.8686,0.53068,135.57874,42.25498,8611.14055,5483.32515,959.57578,656.2534
TiltType,-0.1271,0.08239,2.42133,0.05466,-0.39778,0.25578,4.96606,0.56541,4.73919,0.50656,49.79001,7.75139,15046.50383,3154.85855,2179.23969,448.65336
Raycast,-0.21398,0.32986,4.70491,0.17456,1.0708,0.10018,7.73599,1.47321,7.09029,1.25191,45.60158,8.01908,,,,
